<Configuration>
	<Logging>
		<IISLogs Compress="true">
			<!-- The default <Path> is $Env:SystemDrive\Inetpub\logs\LogFiles - enter another path (e.g. D:\IISLogs) or leave <Path> empty to use the default. -->
			<Path>F:\Logs\IIS</Path>
		</IISLogs>
		<ULSLogs Compress="true">
			<!-- The default <LogLocation> is $Env:CommonProgramFiles\Microsoft Shared\Web Server Extensions\LOGS - enter another path (e.g. D:\Logs) or leave <LogLocation> empty to use the default. -->
			<LogLocation>F:\Logs\ULS</LogLocation>
			<!-- <LogDiskSpaceUsageGB> specifies the maximum amount of disk space (GB) to use. If you specify a value here, LogMaxDiskSpaceUsageEnabled will automatically be set to True.
				 Leave empty to use the default values (1000 GB, but with LogMaxDiskSpaceUsageEnabled set to False - so effectively NO restriction on disk space) -->
			<LogDiskSpaceUsageGB>5</LogDiskSpaceUsageGB>
			<!-- <DaysToKeepLogs> specifies the time, in days, to retain diagnostic log files. Leave empty to use the default (14 days). -->
			<DaysToKeepLogs></DaysToKeepLogs>
			<!-- <LogCutInterval> specifies the time, in minutes, before a new log file is generated. Leave empty to use the default (30 minutes). -->
			<LogCutInterval></LogCutInterval>
		</ULSLogs>
		<UsageLogs Compress="true">
			<!-- The default <UsageLogDir> is $Env:CommonProgramFiles\Microsoft Shared\Web Server Extensions\LOGS - enter another path (e.g. D:\Logs) or leave <UsageLogDir> empty to use the default. -->
			<UsageLogDir>F:\Logs\Usage</UsageLogDir>
			<!-- <UsageLogMaxSpaceGB> must be between 1 and 20 GB. Leave empty to use the default (5 GB) -->
			<UsageLogMaxSpaceGB>5</UsageLogMaxSpaceGB>
			<!-- <UsageLogCutTime> specifies the time, in minutes, of usage data collected per usage log file (acceptable values are between 1 and 1440, default 5). Leave empty to use the default. -->
			<UsageLogCutTime></UsageLogCutTime>
		</UsageLogs>
	</Logging>
</Configuration>